{
  "config": {
    "image": "./image/test2.png",
    "num_users": 8,
    "code_length": 512,
    "colluders": [
      "user_1",
      "user_2",
      "user_8"
    ],
    "delta": 26.0,
    "repeats": 6,
    "content_id": "asset-demo-001",
    "master_key": "server-master-key-2026",
    "seed": 2026
  },
  "clean_ber": {
    "user_1": 0.0,
    "user_2": 0.0,
    "user_3": 0.0,
    "user_4": 0.0,
    "user_5": 0.0,
    "user_6": 0.0,
    "user_7": 0.0,
    "user_8": 0.0
  },
  "psnr": {
    "user_1": 47.396080724970695,
    "user_2": 47.40361746175153,
    "user_3": 47.392474929907955,
    "user_4": 47.42083433517277,
    "user_5": 47.43553834854669,
    "user_6": 47.44872656338736,
    "user_7": 47.4460101868039,
    "user_8": 47.386807929819355
  },
  "average_attack": {
    "top5": [
      [
        "user_8",
        157.11356930832525
      ],
      [
        "user_1",
        152.5792168278791
      ],
      [
        "user_2",
        150.3902381566194
      ],
      [
        "user_3",
        42.479163636460015
      ],
      [
        "user_5",
        2.965201206181522
      ]
    ],
    "top3_hit_count": 3
  },
  "xor_attack": {
    "top5": [
      [
        "user_2",
        118.03939349544378
      ],
      [
        "user_8",
        116.33313812663057
      ],
      [
        "user_1",
        115.85041482418407
      ],
      [
        "user_5",
        38.50172891678427
      ],
      [
        "user_7",
        31.414443516246372
      ]
    ],
    "top3_hit_count": 3
  }
}