{
  "config": {
    "image": "./image/test3.png",
    "num_users": 8,
    "code_length": 512,
    "colluders": [
      "user_2",
      "user_3",
      "user_4"
    ],
    "delta": 26.0,
    "repeats": 3,
    "content_id": "test3",
    "master_key": "server-master-key-2026",
    "seed": 2026
  },
  "clean_ber": {
    "user_1": 0.0,
    "user_2": 0.0,
    "user_3": 0.0,
    "user_4": 0.0,
    "user_5": 0.0,
    "user_6": 0.0,
    "user_7": 0.0,
    "user_8": 0.0
  },
  "psnr": {
    "user_1": 47.43450975214604,
    "user_2": 47.455221167575,
    "user_3": 47.422865948419684,
    "user_4": 47.4177052238625,
    "user_5": 47.450352955902694,
    "user_6": 47.45986593394781,
    "user_7": 47.488668075279904,
    "user_8": 47.381306891090375
  },
  "average_attack": {
    "top5": [
      [
        "user_3",
        175.3239861248457
      ],
      [
        "user_4",
        126.8410547529319
      ],
      [
        "user_2",
        105.15071754394768
      ],
      [
        "user_8",
        37.17900185970906
      ],
      [
        "user_5",
        6.882347841680858
      ]
    ],
    "top3_hit_count": 3
  },
  "xor_attack": {
    "top5": [
      [
        "user_2",
        165.78859210173758
      ],
      [
        "user_4",
        142.10724314450897
      ],
      [
        "user_3",
        89.28894115903404
      ],
      [
        "user_7",
        41.5712216616863
      ],
      [
        "user_6",
        39.17357588886459
      ]
    ],
    "top3_hit_count": 3
  }
}