{
  "config": {
    "image": "./image/test1.png",
    "num_users": 8,
    "code_length": 512,
    "colluders": [
      "user_2",
      "user_6",
      "user_8"
    ],
    "delta": 26.0,
    "repeats": 8,
    "content_id": "asset-demo-001",
    "master_key": "server-master-key-2026",
    "seed": 2026
  },
  "clean_ber": {
    "user_1": 0.0,
    "user_2": 0.0,
    "user_3": 0.0,
    "user_4": 0.0,
    "user_5": 0.0,
    "user_6": 0.0,
    "user_7": 0.0,
    "user_8": 0.0
  },
  "psnr": {
    "user_1": 47.85212833218077,
    "user_2": 47.87585934308982,
    "user_3": 47.831070041149566,
    "user_4": 47.857879014041686,
    "user_5": 47.88561872762707,
    "user_6": 47.916458996715924,
    "user_7": 47.9102562731197,
    "user_8": 47.829450195578076
  },
  "average_attack": {
    "top5": [
      [
        "user_2",
        151.79335347973938
      ],
      [
        "user_8",
        141.88944398978254
      ],
      [
        "user_6",
        130.83473065970094
      ],
      [
        "user_5",
        0.22959729908026016
      ],
      [
        "user_3",
        -6.06757464043226
      ]
    ],
    "top3_hit_count": 3
  },
  "xor_attack": {
    "top5": [
      [
        "user_6",
        119.80883369100212
      ],
      [
        "user_8",
        113.3174088200035
      ],
      [
        "user_2",
        106.13646708090937
      ],
      [
        "user_3",
        46.864121907718996
      ],
      [
        "user_1",
        31.304099962997448
      ]
    ],
    "top3_hit_count": 3
  }
}